<?xml version="1.0" encoding="UTF-8"?>
<project-private xmlns="http://www.netbeans.org/ns/project-private/1">
    <editor-bookmarks xmlns="http://www.netbeans.org/ns/editor-bookmarks/2" lastBookmarkId="0"/>
    <open-files xmlns="http://www.netbeans.org/ns/projectui-open-files/2">
        <group>
            <file>file:/C:/Users/User/Downloads/TrabajoFinal%20(1)/TrabajoFinal/src/Modelo/ListaAtendidos.java</file>
            <file>file:/C:/Users/User/Downloads/TrabajoFinal%20(1)/TrabajoFinal/src/Vista/Vista.java</file>
            <file>file:/C:/Users/User/Downloads/TrabajoFinal%20(1)/TrabajoFinal/src/Modelo/ColaClientes.java</file>
            <file>file:/C:/Users/User/Downloads/TrabajoFinal%20(1)/TrabajoFinal/src/Modelo/PilaAcciones.java</file>
            <file>file:/C:/Users/User/Downloads/TrabajoFinal%20(1)/TrabajoFinal/src/App/Main.java</file>
            <file>file:/C:/Users/User/Downloads/TrabajoFinal%20(1)/TrabajoFinal/src/Modelo/Accion.java</file>
            <file>file:/C:/Users/User/Downloads/TrabajoFinal%20(1)/TrabajoFinal/src/Controlador/Controlador.java</file>
            <file>file:/C:/Users/User/Downloads/TrabajoFinal%20(1)/TrabajoFinal/src/Modelo/ModeloHelper.java</file>
            <file>file:/C:/Users/User/Downloads/TrabajoFinal%20(1)/TrabajoFinal/src/Modelo/Cliente.java</file>
        </group>
    </open-files>
</project-private>
